{
  "total_net_pnl": 326492.4130050035,
  "average_pnl": 46641.77328642907,
  "average_pnl_long": 65238.62315995513,
  "average_pnl_short": 21845.973455060983,
  "win_rate": 0.7142857142857143,
  "pnl_std": 55518.230103832066,
  "sharpe_ratio": 1.6824171204896858,
  "equity_curve": {},
  "trade_pnl_histogram": [
    1,
    0,
    0,
    0,
    1,
    0,
    0,
    0,
    0,
    0,
    1,
    1,
    2,
    0,
    0,
    0,
    0,
    0,
    0,
    1
  ]
}